{"sentinel1": {"VV_BOTH": -1.0, "VH_BOTH": -2.0, "HH_BOTH": -3.0, "HV_BOTH": -4.0, "VV_ASCENDING": -5.0, "VH_ASCENDING": -6.0, "HH_ASCENDING": -7.0, "HV_ASCENDING": -8.0, "VV_DESCENDING": -9.0, "VH_DESCENDING": -10.0, "HH_DESCENDING": -11.0, "HV_DESCENDING": -12.0}, "wv23": {"COASTAL": 427.911967712222, "BLUE": 482.40648216687816, "GREEN": 545.1346759174888, "YELLOW": 604.6891589644367, "RED": 660.5315665213377, "RED_EDGE": 723.1823149413602, "NIR1": 823.9274208290032, "NIR2": 906.4611534199016}, "aviris": {"B1": 404.6875, "B2": 414.0625, "B3": 423.4375, "B4": 432.8125, "B5": 442.1875, "B6": 451.5625, "B7": 460.9375, "B8": 470.3125, "B9": 479.6875, "B10": 489.0625, "B11": 498.4375, "B12": 507.8125, "B13": 517.1875, "B14": 526.5625, "B15": 535.9375, "B16": 545.3125, "B17": 554.6875, "B18": 564.0625, "B19": 573.4375, "B20": 582.8125, "B21": 592.1875, "B22": 601.5625, "B23": 610.9375, "B24": 620.3125, "B25": 629.6875, "B26": 639.0625, "B27": 648.4375, "B28": 657.8125, "B29": 667.1875, "B30": 676.5625, "B31": 685.9375, "B32": 695.3125, "B33": 704.6875, "B34": 714.0625, "B35": 723.4375, "B36": 732.8125, "B37": 742.1875, "B38": 751.5625, "B39": 760.9375, "B40": 770.3125, "B41": 779.6875, "B42": 789.0625, "B43": 798.4375, "B44": 807.8125, "B45": 817.1875, "B46": 826.5625, "B47": 835.9375, "B48": 845.3125, "B49": 854.6875, "B50": 864.0625, "B51": 873.4375, "B52": 882.8125, "B53": 892.1875, "B54": 901.5625, "B55": 910.9375, "B56": 920.3125, "B57": 929.6875, "B58": 939.0625, "B59": 948.4375, "B60": 957.8125, "B61": 967.1875, "B62": 976.5625, "B63": 985.9375, "B64": 995.3125, "B65": 1004.6875, "B66": 1014.0625, "B67": 1023.4375, "B68": 1032.8125, "B69": 1042.1875, "B70": 1051.5625, "B71": 1060.9375, "B72": 1070.3125, "B73": 1079.6875, "B74": 1089.0625, "B75": 1098.4375, "B76": 1107.8125, "B77": 1117.1875, "B78": 1126.5625, "B79": 1135.9375, "B80": 1145.3125, "B81": 1154.6875, "B82": 1164.0625, "B83": 1173.4375, "B84": 1182.8125, "B85": 1192.1875, "B86": 1201.5625, "B87": 1210.9375, "B88": 1220.3125, "B89": 1229.6875, "B90": 1239.0625, "B91": 1248.4375, "B92": 1257.8125, "B93": 1267.1875, "B94": 1276.5625, "B95": 1285.9375, "B96": 1295.3125, "B97": 1304.6875, "B98": 1314.0625, "B99": 1323.4375, "B100": 1332.8125, "B101": 1342.1875, "B102": 1351.5625, "B103": 1360.9375, "B104": 1370.3125, "B105": 1379.6875, "B106": 1389.0625, "B107": 1398.4375, "B108": 1407.8125, "B109": 1417.1875, "B110": 1426.5625, "B111": 1435.9375, "B112": 1445.3125, "B113": 1454.6875, "B114": 1464.0625, "B115": 1473.4375, "B116": 1482.8125, "B117": 1492.1875, "B118": 1501.5625, "B119": 1510.9375, "B120": 1520.3125, "B121": 1529.6875, "B122": 1539.0625, "B123": 1548.4375, "B124": 1557.8125, "B125": 1567.1875, "B126": 1576.5625, "B127": 1585.9375, "B128": 1595.3125, "B129": 1604.6875, "B130": 1614.0625, "B131": 1623.4375, "B132": 1632.8125, "B133": 1642.1875, "B134": 1651.5625, "B135": 1660.9375, "B136": 1670.3125, "B137": 1679.6875, "B138": 1689.0625, "B139": 1698.4375, "B140": 1707.8125, "B141": 1717.1875, "B142": 1726.5625, "B143": 1735.9375, "B144": 1745.3125, "B145": 1754.6875, "B146": 1764.0625, "B147": 1773.4375, "B148": 1782.8125, "B149": 1792.1875, "B150": 1801.5625, "B151": 1810.9375, "B152": 1820.3125, "B153": 1829.6875, "B154": 1839.0625, "B155": 1848.4375, "B156": 1857.8125, "B157": 1867.1875, "B158": 1876.5625, "B159": 1885.9375, "B160": 1895.3125, "B161": 1904.6875, "B162": 1914.0625, "B163": 1923.4375, "B164": 1932.8125, "B165": 1942.1875, "B166": 1951.5625, "B167": 1960.9375, "B168": 1970.3125, "B169": 1979.6875, "B170": 1989.0625, "B171": 1998.4375, "B172": 2007.8125, "B173": 2017.1875, "B174": 2026.5625, "B175": 2035.9375, "B176": 2045.3125, "B177": 2054.6875, "B178": 2064.0625, "B179": 2073.4375, "B180": 2082.8125, "B181": 2092.1875, "B182": 2101.5625, "B183": 2110.9375, "B184": 2120.3125, "B185": 2129.6875, "B186": 2139.0625, "B187": 2148.4375, "B188": 2157.8125, "B189": 2167.1875, "B190": 2176.5625, "B191": 2185.9375, "B192": 2195.3125, "B193": 2204.6875, "B194": 2214.0625, "B195": 2223.4375, "B196": 2232.8125, "B197": 2242.1875, "B198": 2251.5625, "B199": 2260.9375, "B200": 2270.3125, "B201": 2279.6875, "B202": 2289.0625, "B203": 2298.4375, "B204": 2307.8125, "B205": 2317.1875, "B206": 2326.5625, "B207": 2335.9375, "B208": 2345.3125, "B209": 2354.6875, "B210": 2364.0625, "B211": 2373.4375, "B212": 2382.8125, "B213": 2392.1875, "B214": 2401.5625, "B215": 2410.9375, "B216": 2420.3125, "B217": 2429.6875, "B218": 2439.0625, "B219": 2448.4375, "B220": 2457.8125, "B221": 2467.1875, "B222": 2476.5625, "B223": 2485.9375, "B224": 2495.3125}, "drone": {"NIR": 840.0, "RED": 650.0, "GREEN": 560.0, "BLUE": 450.0}, "qb2_ge1": {"BLUE": 482.417803, "GREEN": 547.272289, "RED": 665.031763, "NIR": 840.773239}, "debug": {"B01": 1.0, "B02": 2.0, "B03": 3.0, "B04": 4.0, "B05": 5.0}, "intuition": {"B001": 462.08, "B002": 465.27, "B003": 468.47, "B004": 471.67, "B005": 474.86, "B006": 478.06, "B007": 481.26, "B008": 484.45, "B009": 487.65, "B010": 490.85, "B011": 494.04, "B012": 497.24, "B013": 500.43, "B014": 503.63, "B015": 506.83, "B016": 510.03, "B017": 513.22, "B018": 516.42, "B019": 519.61, "B020": 522.81, "B021": 526.01, "B022": 529.2, "B023": 532.4, "B024": 535.6, "B025": 538.79, "B026": 541.99, "B027": 545.19, "B028": 548.38, "B029": 551.58, "B030": 554.78, "B031": 557.97, "B032": 561.17, "B033": 564.37, "B034": 567.56, "B035": 570.76, "B036": 573.96, "B037": 577.15, "B038": 580.35, "B039": 583.55, "B040": 586.74, "B041": 589.94, "B042": 593.14, "B043": 596.33, "B044": 599.53, "B045": 602.73, "B046": 605.92, "B047": 609.12, "B048": 612.32, "B049": 615.51, "B050": 618.71, "B051": 621.91, "B052": 625.1, "B053": 628.3, "B054": 631.5, "B055": 634.69, "B056": 637.89, "B057": 641.09, "B058": 644.28, "B059": 647.48, "B060": 650.67, "B061": 653.87, "B062": 657.07, "B063": 660.27, "B064": 663.46, "B065": 666.66, "B066": 669.85, "B067": 673.05, "B068": 676.25, "B069": 679.45, "B070": 682.64, "B071": 685.84, "B072": 689.03, "B073": 692.23, "B074": 695.43, "B075": 698.62, "B076": 701.82, "B077": 705.02, "B078": 708.21, "B079": 711.41, "B080": 714.61, "B081": 717.8, "B082": 721.0, "B083": 724.2, "B084": 727.39, "B085": 730.59, "B086": 733.79, "B087": 736.98, "B088": 740.18, "B089": 743.38, "B090": 746.57, "B091": 749.77, "B092": 752.97, "B093": 756.16, "B094": 759.36, "B095": 762.56, "B096": 765.75, "B097": 768.95, "B098": 772.15, "B099": 775.34, "B100": 778.54, "B101": 781.74, "B102": 784.93, "B103": 788.13, "B104": 791.33, "B105": 794.52, "B106": 797.72, "B107": 800.92, "B108": 804.11, "B109": 807.31, "B110": 810.51, "B111": 813.7, "B112": 816.9, "B113": 820.1, "B114": 823.29, "B115": 826.49, "B116": 829.68, "B117": 832.88, "B118": 836.08, "B119": 839.28, "B120": 842.47, "B121": 845.67, "B122": 848.86, "B123": 852.06, "B124": 855.26, "B125": 858.46, "B126": 861.65, "B127": 864.85, "B128": 868.04, "B129": 871.24, "B130": 874.44, "B131": 877.63, "B132": 880.83, "B133": 884.03, "B134": 887.22, "B135": 890.42, "B136": 893.62, "B137": 896.81, "B138": 900.01, "B139": 903.21, "B140": 906.4, "B141": 909.6, "B142": 912.8, "B143": 915.99, "B144": 919.19, "B145": 922.39, "B146": 925.58, "B147": 928.78, "B148": 931.98, "B149": 935.17, "B150": 938.37}, "superdove": {"COASTAL_BLUE": 443.704, "BLUE": 490.973, "GREEN_I": 532.719, "GREEN": 565.811, "YELLOW": 611.587, "RED": 665.751, "RED_EDGE": 706.918, "NIR": 864.831}, "landsat9": {"COASTAL_AEROSOL": 442.6486977867469, "BLUE": 482.626742301136, "GREEN": 560.991848338365, "RED": 654.2860463136833, "NIR": 864.6129891438968, "SWIR_1": 1608.7469945334756, "SWIR_2": 2203.5048261584875, "PANCHROMATIC": 596.8190587207782, "CIRRUS": 1374.1802289606337, "TIRS_1": 10847.467021274, "TIRS_2": 12017.03858281562}, "enmap": {"B001": 418.416, "B002": 424.043, "B003": 429.457, "B004": 434.686, "B005": 439.758, "B006": 444.699, "B007": 449.539, "B008": 454.306, "B009": 459.031, "B010": 463.73, "B011": 468.411, "B012": 473.08, "B013": 477.744, "B014": 482.411, "B015": 487.087,